,capacity,traffic_intensity,block_rate
0,15,0.1,6.919439886398084e-28
1,15,0.6,1.9732969993642853e-16
2,15,1.1,1.0633267417759139e-12
3,15,1.6,1.7800367048706487e-10
4,15,2.1,6.3792760874399075e-09
5,15,2.6,9.526534913143056e-08
6,15,3.1,8.083752075548433e-07
7,15,3.6,4.61932305592734e-06
8,15,4.1,1.9708507604002923e-05
9,15,4.6,6.716216133218981e-05
10,15,5.1,0.0001915087828957269
11,15,5.6,0.0004724735603966184
12,15,6.1,0.001033985582681534
13,15,6.6,0.002045988670522303
14,15,7.1,0.003716069721103149
15,15,7.6,0.00627092373387937
16,15,8.1,0.009930998834929894
17,15,8.6,0.014883895496197817
18,15,9.1,0.021262356594340726
19,15,9.6,0.029131042132999507
20,15,10.1,0.03848359650356368
21,15,10.6,0.04924890988182981
22,15,11.1,0.06130377293253181
23,15,11.6,0.07448858548161463
24,15,12.1,0.08862318204364618
25,15,12.6,0.10352073721594536
26,15,13.1,0.11899869640991723
27,15,13.6,0.13488648056709462
28,15,14.1,0.15103024007277985
29,15,14.6,0.16729519885026967
30,15,15.1,0.18356620255647332
31,15,15.6,0.19974704085722703
32,15,16.1,0.21575901453336588
33,15,16.6,0.231539104706381
34,15,17.1,0.2470379966332271
35,15,17.6,0.2622181242196525
36,15,18.1,0.2770518357205456
37,15,18.6,0.291519734107501
38,15,19.1,0.3056092138000451
39,15,19.6,0.31931319518741946
40,15,20.1,0.3326290463573449
41,15,20.6,0.3455576750924773
42,15,21.1,0.35810277153949904
43,15,21.6,0.37027018160086433
44,15,22.1,0.382067392082484
45,15,22.6,0.3935031103136577
46,15,23.1,0.40458692293086884
47,15,23.6,0.41532902053629045
48,15,24.1,0.42573997686295384
49,15,24.6,0.43583057282834514
50,15,25.1,0.44561165740667874
51,15,25.6,0.4550940385931227
52,15,26.1,0.4642883988812096
53,15,26.6,0.47320523064536313
54,15,27.1,0.481854787634614
55,15,27.6,0.4902470494621968
56,15,28.1,0.49839169653867504
57,15,28.6,0.5062980933615348
58,15,29.1,0.5139752784576624
59,15,29.6,0.5214319595904607
60,15,30.1,0.5286765131022141
61,15,30.6,0.5357169864745183
62,15,31.1,0.5425611033633454
63,15,31.6,0.549216270507464
64,15,32.1,0.5556895860251272
65,15,32.6,0.561987848708849
66,15,33.1,0.5681175680055534
67,15,33.6,0.5740849744325511
68,15,34.1,0.5798960302312783
69,15,34.6,0.5855564401026314
70,15,35.1,0.5910716619017952
71,15,35.6,0.59644691719812
72,15,36.1,0.6016872016280101
73,15,36.6,0.606797294986905
74,15,37.1,0.6117817710210497
75,15,37.6,0.6166450068914948
76,15,38.1,0.6213911922921673
77,15,38.6,0.6260243382113455
78,15,39.1,0.6305482853318021
79,15,39.6,0.6349667120695294
80,15,40.1,0.6392831422545948
81,15,40.6,0.6435009524604455
82,15,41.1,0.647623378990086
83,15,41.6,0.6516535245290992
84,15,42.1,0.6555943644765809
85,15,42.6,0.6594487529658095
86,15,43.1,0.6632194285869258
87,15,43.6,0.6669090198241334
88,15,44.1,0.6705200502199852
89,15,44.6,0.6740549432792323
90,15,45.1,0.6775160271245192
91,15,45.6,0.6809055389159314
92,15,46.1,0.6842256290460642
93,15,46.6,0.6874783651218987
94,15,47.1,0.6906657357443602
95,15,47.6,0.6937896540960005
96,15,48.1,0.6968519613468043
97,15,48.6,0.6998544298876718
98,15,49.1,0.7027987664006883
99,15,49.6,0.7056866147748483
100,15,50.1,0.7085195588754772
101,15,50.6,0.7112991251751712
102,15,51.1,0.7140267852536751
103,15,51.6,0.7167039581737242
104,15,52.1,0.7193320127395085
105,15,52.6,0.7219122696440491
106,15,53.1,0.7244460035114446
107,15,53.6,0.7269344448396124
108,15,54.1,0.729378781848842
109,15,54.6,0.7317801622411808
110,15,55.1,0.7341396948753994
111,15,55.6,0.7364584513620085
112,15,56.1,0.7387374675825593
113,15,56.6,0.7409777451372169
114,15,57.1,0.7431802527243726
115,15,57.6,0.7453459274558526
116,15,58.1,0.7474756761110795
117,15,58.6,0.7495703763333538
118,15,59.1,0.7516308777712493
119,15,59.6,0.7536580031679435
120,15,60.1,0.7556525494011544
121,15,60.6,0.7576152884761971
122,15,61.1,0.7595469684745442
123,15,61.6,0.7614483144601332
124,15,62.1,0.7633200293455474
125,15,62.6,0.7651627947200755
126,15,63.1,0.7669772716415455
127,15,63.6,0.7687641013937283
128,15,64.1,0.7705239062110066
129,15,64.6,0.7722572899719086
130,15,65.1,0.7739648388630295
131,15,65.6,0.7756471220147725
132,15,66.1,0.7773046921102694
133,15,66.6,0.778938085968766
134,15,67.1,0.7805478251046911
135,15,67.6,0.7821344162635637
136,15,68.1,0.7836983519358289
137,15,68.6,0.7852401108496604
138,15,69.1,0.78676015844371
139,15,69.6,0.7882589473207352
140,15,70.1,0.789736917682989
141,15,70.6,0.7911944977502063
142,15,71.1,0.7926321041609845
143,15,71.6,0.7940501423583106
144,15,72.1,0.7954490069599506
145,15,72.6,0.7968290821143835
146,15,73.1,0.7981907418429213
147,15,73.6,0.799534350368633
148,15,74.1,0.8008602624326522
149,15,74.6,0.8021688235984256
150,15,75.1,0.8034603705444253
151,15,75.6,0.8047352313458314
152,15,76.1,0.8059937257456568
153,15,76.6,0.8072361654157707
154,15,77.1,0.8084628542082531
155,15,77.6,0.8096740883974879
156,15,78.1,0.8108701569133911
157,15,78.6,0.8120513415661439
158,15,79.1,0.8132179172627855
159,15,79.6,0.8143701522160077
160,15,80.1,0.8155083081454705
161,15,80.6,0.8166326404719482
162,15,81.1,0.8177433985046003
163,15,81.6,0.8188408256216455
164,15,82.1,0.8199251594447075
165,15,82.6,0.8209966320070861
166,15,83.1,0.8220554699162002
167,15,83.6,0.8231018945104305
168,15,84.1,0.8241361220105887
169,15,84.6,0.825158363666222
170,15,85.1,0.826168825896957
171,15,85.6,0.8271677104290772
172,15,86.1,0.8281552144275182
173,15,86.6,0.8291315306234581
174,15,87.1,0.8300968474376731
175,15,87.6,0.8310513490998194
176,15,88.1,0.8319952157637972
177,15,88.6,0.8329286236193448
178,15,89.1,0.8338517450000054
179,15,89.6,0.834764748487601
180,15,90.1,0.8356677990133463
181,15,90.6,0.8365610579557251
182,15,91.1,0.8374446832352499
183,15,91.6,0.8383188294062183
184,15,92.1,0.8391836477455776
185,15,92.6,0.8400392863390014
186,15,93.1,0.8408858901642792
187,15,93.6,0.8417236011721172
188,15,94.1,0.8425525583644414
189,15,94.6,0.8433728978702938
190,15,95.1,0.844184753019405
191,15,95.6,0.844988254413528
192,15,96.1,0.84578352999561
193,15,96.6,0.8465707051168785
194,15,97.1,0.8473499026019138
195,15,97.6,0.8481212428117799
196,15,98.1,0.848884843705277
197,15,98.6,0.8496408208983841
198,15,99.1,0.8503892877219508
199,15,99.6,0.8511303552776994
200,15,100.1,0.8518641324925932
201,15,100.6,0.8525907261716279
202,15,101.1,0.8533102410490975
203,15,101.6,0.8540227798383855
204,15,102.1,0.8547284432803326
205,15,102.6,0.8554273301902254
206,15,103.1,0.8561195375034527
207,15,103.6,0.8568051603198733
208,15,104.1,0.8574842919469375
209,15,104.6,0.8581570239416021
210,15,105.1,0.8588234461510779
211,15,105.6,0.8594836467524483
212,15,106.1,0.8601377122911946
213,15,106.6,0.8607857277186634
214,15,107.1,0.8614277764285072
215,15,107.6,0.8620639402921361
216,15,108.1,0.8626942996932053
217,15,108.6,0.8633189335611744
218,15,109.1,0.8639379194039627
219,15,109.6,0.8645513333397327
220,15,110.1,0.8651592501278255
221,15,110.6,0.8657617431988769
222,15,111.1,0.8663588846841377
223,15,111.6,0.8669507454440224
224,15,112.1,0.8675373950959117
225,15,112.6,0.8681189020412288
226,15,113.1,0.868695333491814
227,15,113.6,0.8692667554956168
228,15,114.1,0.8698332329617262
229,15,114.6,0.8703948296847607
230,15,115.1,0.870951608368634
231,15,115.6,0.8715036306497183
232,15,116.1,0.8720509571194192
233,15,116.6,0.8725936473461838
234,15,117.1,0.8731317598969537
235,15,117.6,0.8736653523580836
236,15,118.1,0.8741944813557376
237,15,118.6,0.8747192025757803
238,15,119.1,0.8752395707831766
239,15,119.6,0.8757556398409134
240,15,120.1,0.8762674627284589
241,15,120.6,0.8767750915597701
242,15,121.1,0.8772785776008631
243,15,121.6,0.8777779712869589
244,15,122.1,0.8782733222392134
245,15,122.6,0.8787646792810482
246,15,123.1,0.8792520904540886
247,15,123.6,0.8797356030337229
248,15,124.1,0.8802152635442912
249,15,124.6,0.8806911177739171
250,15,125.1,0.8811632107889867
251,15,125.6,0.8816315869482916
252,15,126.1,0.8820962899168378
253,15,126.6,0.8825573626793357
254,15,127.1,0.8830148475533758
255,15,127.6,0.8834687862022996
256,15,128.1,0.8839192196477759
257,15,128.6,0.8843661882820861
258,15,129.1,0.8848097318801316
259,15,129.6,0.8852498896111649
260,15,130.1,0.8856867000502575
261,15,130.6,0.8861202011895067
262,15,131.1,0.8865504304489908
263,15,131.6,0.8869774246874785
264,15,132.1,0.8874012202128988
265,15,132.6,0.8878218527925787
266,15,133.1,0.8882393576632528
267,15,133.6,0.8886537695408513
268,15,134.1,0.8890651226300741
269,15,134.6,0.889473450633753
270,15,135.1,0.8898787867620104
271,15,135.6,0.8902811637412186
272,15,136.1,0.8906806138227631
273,15,136.6,0.8910771687916176
274,15,137.1,0.891470859974735
275,15,137.6,0.8918617182492555
276,15,138.1,0.8922497740505417
277,15,138.6,0.8926350573800412
278,15,139.1,0.893017597812982
279,15,139.6,0.8933974245059046
280,15,140.1,0.8937745662040373
281,15,140.6,0.8941490512485127
282,15,141.1,0.8945209075834365
283,15,141.6,0.8948901627628065
284,15,142.1,0.8952568439572883
285,15,142.6,0.8956209779608514
286,15,143.1,0.8959825911972653
287,15,143.6,0.8963417097264652
288,15,144.1,0.8966983592507847
289,15,144.6,0.8970525651210619
290,15,145.1,0.8974043523426205
291,15,145.6,0.8977537455811297
292,15,146.1,0.8981007691683456
293,15,146.6,0.8984454471077354
294,15,147.1,0.8987878030799906
295,15,147.6,0.8991278604484275
296,15,148.1,0.8994656422642808
297,15,148.6,0.8998011712718919
298,15,149.1,0.9001344699137932
299,15,149.6,0.9004655603356935
300,15,150.1,0.9007944643913625
301,15,150.6,0.9011212036474215
302,15,151.1,0.9014457993880397
303,15,151.6,0.9017682726195375
304,15,152.1,0.9020886440749016
305,15,152.6,0.9024069342182118
306,15,153.1,0.9027231632489823
307,15,153.6,0.903037351106419
308,15,154.1,0.9033495174735953
309,15,154.6,0.9036596817815477
310,15,155.1,0.9039678632132928
311,15,155.6,0.9042740807077689
312,15,156.1,0.9045783529637011
313,15,156.6,0.9048806984433948
314,15,157.1,0.9051811353764562
315,15,157.6,0.9054796817634446
316,15,158.1,0.9057763553794543
317,15,158.6,0.906071173777631
318,15,159.1,0.9063641542926217
319,15,159.6,0.9066553140439613
320,15,160.1,0.9069446699393954
321,15,160.6,0.9072322386781432
322,15,161.1,0.9075180367540995
323,15,161.6,0.907802080458977
324,15,162.1,0.9080843858853936
325,15,162.6,0.9083649689299005
326,15,163.1,0.9086438452959575
327,15,163.6,0.9089210304968532
328,15,164.1,0.9091965398585724
329,15,164.6,0.9094703885226122
330,15,165.1,0.9097425914487479
331,15,165.6,0.910013163417748
332,15,166.1,0.9102821190340418
333,15,166.6,0.9105494727283396
334,15,167.1,0.9108152387602054
335,15,167.6,0.911079431220585
336,15,168.1,0.9113420640342886
337,15,168.6,0.9116031509624307
338,15,169.1,0.9118627056048263
339,15,169.6,0.9121207414023456
340,15,170.1,0.9123772716392274
341,15,170.6,0.9126323094453528
342,15,171.1,0.9128858677984781
343,15,171.6,0.9131379595264307
344,15,172.1,0.9133885973092665
345,15,172.6,0.9136377936813891
346,15,173.1,0.9138855610336347
347,15,173.6,0.9141319116153197
348,15,174.1,0.9143768575362539
349,15,174.6,0.9146204107687196
350,15,175.1,0.914862583149417
351,15,175.6,0.9151033863813769
352,15,176.1,0.9153428320358403
353,15,176.6,0.9155809315541078
354,15,177.1,0.9158176962493568
355,15,177.6,0.9160531373084289
356,15,178.1,0.9162872657935868
357,15,178.6,0.9165200926442432
358,15,179.1,0.91675162867866
359,15,179.6,0.9169818845956195
360,15,180.1,0.9172108709760682
361,15,180.6,0.9174385982847343
362,15,181.1,0.9176650768717167
363,15,181.6,0.9178903169740503
364,15,182.1,0.9181143287172441
365,15,182.6,0.9183371221167951
366,15,183.1,0.9185587070796774
367,15,183.6,0.9187790934058068
368,15,184.1,0.9189982907894827
369,15,184.6,0.9192163088208058
370,15,185.1,0.9194331569870737
371,15,185.6,0.9196488446741535
372,15,186.1,0.9198633811678334
373,15,186.6,0.9200767756551517
374,15,187.1,0.9202890372257057
375,15,187.6,0.9205001748729391
376,15,188.1,0.9207101974954095
377,15,188.6,0.9209191138980355
378,15,189.1,0.9211269327933246
379,15,189.6,0.9213336628025816
380,15,190.1,0.9215393124570984
381,15,190.6,0.9217438901993248
382,15,191.1,0.9219474043840213
383,15,191.6,0.9221498632793941
384,15,192.1,0.9223512750682124
385,15,192.6,0.9225516478489084
386,15,193.1,0.9227509896366607
387,15,193.6,0.9229493083644603
388,15,194.1,0.9231466118841615
389,15,194.6,0.9233429079675151
390,15,195.1,0.9235382043071874
391,15,195.6,0.9237325085177629
392,15,196.1,0.9239258281367321
393,15,196.6,0.9241181706254634
394,15,197.1,0.9243095433701622
395,15,197.6,0.924499953682814
396,15,198.1,0.9246894088021134
397,15,198.6,0.9248779158943802
398,15,199.1,0.925065482054461
399,15,199.6,0.9252521143066179
400,15,200.1,0.9254378196054027
401,15,200.6,0.9256226048365203
402,15,201.1,0.925806476817677
403,15,201.6,0.9259894422994184
404,15,202.1,0.926171507965953
405,15,202.6,0.9263526804359657
406,15,203.1,0.9265329662634173
407,15,203.6,0.9267123719383338
408,15,204.1,0.9268909038875839
409,15,204.6,0.9270685684756449
410,15,205.1,0.9272453720053575
411,15,205.6,0.9274213207186698
412,15,206.1,0.9275964207973706
413,15,206.6,0.9277706783638122
414,15,207.1,0.9279440994816225
415,15,207.6,0.9281166901564072
416,15,208.1,0.9282884563364415
417,15,208.6,0.9284594039133529
418,15,209.1,0.9286295387227929
419,15,209.6,0.9287988665451006
420,15,210.1,0.9289673931059554
421,15,210.6,0.9291351240770224
422,15,211.1,0.929302065076586
423,15,211.6,0.9294682216701777
424,15,212.1,0.9296335993711927
425,15,212.6,0.9297982036414988
426,15,213.1,0.9299620398920365
427,15,213.6,0.9301251134834115
428,15,214.1,0.930287429726478
429,15,214.6,0.9304489938829142
430,15,215.1,0.9306098111657903
431,15,215.6,0.9307698867401276
432,15,216.1,0.9309292257234515
433,15,216.6,0.9310878331863351
434,15,217.1,0.9312457141529368
435,15,217.6,0.9314028736015296
436,15,218.1,0.9315593164650237
437,15,218.6,0.9317150476314816
438,15,219.1,0.931870071944627
439,15,219.6,0.9320243942043452
440,15,220.1,0.9321780191671787
441,15,220.6,0.9323309515468144
442,15,221.1,0.9324831960145654
443,15,221.6,0.9326347571998459
444,15,222.1,0.9327856396906392
445,15,222.6,0.9329358480339609
446,15,223.1,0.9330853867363139
447,15,223.6,0.9332342602641392
448,15,224.1,0.9333824730442597
449,15,224.6,0.9335300294643181
450,15,225.1,0.9336769338732094
451,15,225.6,0.9338231905815076
452,15,226.1,0.933968803861887
453,15,226.6,0.9341137779495365
454,15,227.1,0.9342581170425712
455,15,227.6,0.9344018253024359
456,15,228.1,0.9345449068543047
457,15,228.6,0.9346873657874755
458,15,229.1,0.9348292061557588
459,15,229.6,0.9349704319778617
460,15,230.1,0.9351110472377665
461,15,230.6,0.9352510558851058
462,15,231.1,0.9353904618355309
463,15,231.6,0.9355292689710762
464,15,232.1,0.9356674811405203
465,15,232.6,0.9358051021597397
466,15,233.1,0.9359421358120605
467,15,233.6,0.9360785858486043
468,15,234.1,0.9362144559886298
469,15,234.6,0.936349749919871
470,15,235.1,0.9364844712988694
471,15,235.6,0.9366186237513037
472,15,236.1,0.9367522108723144
473,15,236.6,0.9368852362268246
474,15,237.1,0.9370177033498565
475,15,237.6,0.9371496157468442
476,15,238.1,0.9372809768939429
477,15,238.6,0.9374117902383331
478,15,239.1,0.9375420591985226
479,15,239.6,0.9376717871646433
480,15,240.1,0.9378009774987449
481,15,240.6,0.9379296335350856
482,15,241.1,0.9380577585804176
483,15,241.6,0.9381853559142712
484,15,242.1,0.9383124287892333
485,15,242.6,0.9384389804312238
486,15,243.1,0.9385650140397683
487,15,243.6,0.9386905327882675
488,15,244.1,0.938815539824263
489,15,244.6,0.9389400382697001
490,15,245.1,0.9390640312211873
491,15,245.6,0.939187521750253
492,15,246.1,0.9393105129035989
493,15,246.6,0.9394330077033496
494,15,247.1,0.9395550091473005
495,15,247.6,0.939676520209162
496,15,248.1,0.9397975438388003
497,15,248.6,0.9399180829624765
498,15,249.1,0.9400381404830817
499,15,249.6,0.9401577192803698
500,15,250.1,0.940276822211188
501,15,250.6,0.9403954521097033
502,15,251.1,0.9405136117876276
503,15,251.6,0.9406313040344393
504,15,252.1,0.9407485316176025
505,15,252.6,0.9408652972827843
506,15,253.1,0.9409816037540679
507,15,253.6,0.9410974537341652
508,15,254.1,0.9412128499046252
509,15,254.6,0.9413277949260408
510,15,255.1,0.9414422914382539
511,15,255.6,0.9415563420605552
512,15,256.1,0.9416699493918868
513,15,256.6,0.9417831160110364
514,15,257.1,0.9418958444768336
515,15,257.6,0.9420081373283431
516,15,258.1,0.9421199970850539
517,15,258.6,0.9422314262470681
518,15,259.1,0.9423424272952875
519,15,259.6,0.942453002691596
520,15,260.1,0.9425631548790436
521,15,260.6,0.9426728862820237
522,15,261.1,0.9427821993064528
523,15,261.6,0.9428910963399452
524,15,262.1,0.9429995797519862
525,15,262.6,0.9431076518941057
526,15,263.1,0.9432153151000455
527,15,263.6,0.9433225716859283
528,15,264.1,0.9434294239504243
529,15,264.6,0.9435358741749136
530,15,265.1,0.9436419246236502
531,15,265.6,0.9437475775439205
532,15,266.1,0.9438528351662038
533,15,266.6,0.9439576997043275
534,15,267.1,0.9440621733556229
535,15,267.6,0.944166258301079
536,15,268.1,0.9442699567054929
537,15,268.6,0.9443732707176206
538,15,269.1,0.9444762024703254
539,15,269.6,0.9445787540807233
540,15,270.1,0.9446809276503302
541,15,270.6,0.9447827252652029
542,15,271.1,0.9448841489960826
543,15,271.6,0.9449852008985345
544,15,272.1,0.9450858830130866
545,15,272.6,0.945186197365367
546,15,273.1,0.9452861459662397
547,15,273.6,0.9453857308119387
548,15,274.1,0.9454849538842005
549,15,274.6,0.9455838171503962
550,15,275.1,0.9456823225636606
551,15,275.6,0.9457804720630212
552,15,276.1,0.9458782675735251
553,15,276.6,0.9459757110063649
554,15,277.1,0.946072804259003
555,15,277.6,0.9461695492152943
556,15,278.1,0.9462659477456087
557,15,278.6,0.9463620017069506
558,15,279.1,0.9464577129430792
559,15,279.6,0.9465530832846251
560,15,280.1,0.9466481145492075
561,15,280.6,0.94674280854155
562,15,281.1,0.9468371670535939
563,15,281.6,0.9469311918646117
564,15,282.1,0.9470248847413187
565,15,282.6,0.9471182474379836
566,15,283.1,0.9472112816965373
567,15,283.6,0.9473039892466826
568,15,284.1,0.9473963718059994
569,15,284.6,0.9474884310800524
570,15,285.1,0.9475801687624947
571,15,285.6,0.9476715865351725
572,15,286.1,0.947762686068227
573,15,286.6,0.9478534690201966
574,15,287.1,0.9479439370381174
575,15,287.6,0.9480340917576223
576,15,288.1,0.94812393480304
577,15,288.6,0.9482134677874923
578,15,289.1,0.9483026923129902
579,15,289.6,0.9483916099705301
580,15,290.1,0.9484802223401874
581,15,290.6,0.9485685309912109
582,15,291.1,0.9486565374821149
583,15,291.6,0.9487442433607706
584,15,292.1,0.9488316501644972
585,15,292.6,0.9489187594201516
586,15,293.1,0.9490055726442168
587,15,293.6,0.9490920913428906
588,15,294.1,0.9491783170121717
589,15,294.6,0.9492642511379467
590,15,295.1,0.9493498951960746
591,15,295.6,0.9494352506524724
592,15,296.1,0.949520318963197
593,15,296.6,0.9496051015745295
594,15,297.1,0.9496895999230562
595,15,297.6,0.94977381543575
596,15,298.1,0.9498577495300505
597,15,298.6,0.9499414036139436
598,15,299.1,0.9500247790860402
599,15,299.6,0.9501078773356538
600,15,300.1,0.9501906997428781
601,15,300.6,0.9502732476786627
602,15,301.1,0.9503555225048893
603,15,301.6,0.9504375255744463
604,15,302.1,0.9505192582313027
605,15,302.6,0.9506007218105818
606,15,303.1,0.9506819176386335
607,15,303.6,0.9507628470331068
608,15,304.1,0.9508435113030201
609,15,304.6,0.9509239117488327
610,15,305.1,0.9510040496625142
611,15,305.6,0.9510839263276134
612,15,306.1,0.951163543019327
613,15,306.6,0.951242901004568
614,15,307.1,0.9513220015420314
615,15,307.6,0.9514008458822625
616,15,308.1,0.9514794352677212
617,15,308.6,0.9515577709328481
618,15,309.1,0.951635854104129
619,15,309.6,0.9517136860001585
620,15,310.1,0.9517912678317035
621,15,310.6,0.9518686008017663
622,15,311.1,0.9519456861056461
623,15,311.6,0.9520225249310011
624,15,312.1,0.9520991184579093
625,15,312.6,0.9521754678589286
626,15,313.1,0.9522515742991567
627,15,313.6,0.9523274389362908
628,15,314.1,0.9524030629206856
629,15,314.6,0.9524784473954117
630,15,315.1,0.9525535934963131
631,15,315.6,0.9526285023520644
632,15,316.1,0.952703175084227
633,15,316.6,0.9527776128073052
634,15,317.1,0.9528518166288016
635,15,317.6,0.9529257876492717
636,15,318.1,0.9529995269623788
637,15,318.6,0.9530730356549475
638,15,319.1,0.953146314807017
639,15,319.6,0.9532193654918943
640,15,320.1,0.9532921887762063
641,15,320.6,0.9533647857199518
642,15,321.1,0.9534371573765525
643,15,321.6,0.953509304792905
644,15,322.1,0.9535812290094297
645,15,322.6,0.9536529310601219
646,15,323.1,0.9537244119726014
647,15,323.6,0.9537956727681606
648,15,324.1,0.9538667144618138
649,15,324.6,0.9539375380623456
650,15,325.1,0.9540081445723578
651,15,325.6,0.9540785349883174
652,15,326.1,0.9541487103006031
653,15,326.6,0.9542186714935518
654,15,327.1,0.9542884195455045
655,15,327.6,0.9543579554288523
656,15,328.1,0.9544272801100808
657,15,328.6,0.9544963945498157
658,15,329.1,0.9545652997028663
659,15,329.6,0.9546339965182702
660,15,330.1,0.9547024859393364
661,15,330.6,0.9547707689036885
662,15,331.1,0.9548388463433075
663,15,331.6,0.9549067191845744
664,15,332.1,0.9549743883483118
665,15,332.6,0.9550418547498257
666,15,333.1,0.9551091192989469
667,15,333.6,0.9551761829000717
668,15,334.1,0.9552430464522021
669,15,334.6,0.9553097108489869
670,15,335.1,0.9553761769787602
671,15,335.6,0.955442445724582
672,15,336.1,0.9555085179642766
673,15,336.6,0.9555743945704714
674,15,337.1,0.9556400764106358
675,15,337.6,0.9557055643471183
676,15,338.1,0.9557708592371854
677,15,338.6,0.955835961933058
678,15,339.1,0.9559008732819488
679,15,339.6,0.9559655941260994
680,15,340.1,0.956030125302816
681,15,340.6,0.956094467644506
682,15,341.1,0.9561586219787137
683,15,341.6,0.9562225891281555
684,15,342.1,0.9562863699107556
685,15,342.6,0.9563499651396797
686,15,343.1,0.9564133756233714
687,15,343.6,0.9564766021655844
688,15,344.1,0.9565396455654179
689,15,344.6,0.9566025066173496
690,15,345.1,0.956665186111269
691,15,345.6,0.9567276848325111
692,15,346.1,0.9567900035618884
693,15,346.6,0.9568521430757236
694,15,347.1,0.9569141041458825
695,15,347.6,0.9569758875398048
696,15,348.1,0.9570374940205368
697,15,348.6,0.9570989243467621
698,15,349.1,0.957160179272833
699,15,349.6,0.9572212595488017
700,15,350.1,0.9572821659204499
701,15,350.6,0.9573428991293204
702,15,351.1,0.957403459912746
703,15,351.6,0.9574638490038805
704,15,352.1,0.9575240671317272
705,15,352.6,0.9575841150211687
706,15,353.1,0.9576439933929962
707,15,353.6,0.9577037029639378
708,15,354.1,0.9577632444466875
709,15,354.6,0.9578226185499333
710,15,355.1,0.9578818259783854
711,15,355.6,0.9579408674328042
712,15,356.1,0.9579997436100275
713,15,356.6,0.9580584552029985
714,15,357.1,0.9581170029007924
715,15,357.6,0.9581753873886437
716,15,358.1,0.958233609347973
717,15,358.6,0.958291669456413
718,15,359.1,0.9583495683878352
719,15,359.6,0.9584073068123763
720,15,360.1,0.9584648853964627
721,15,360.6,0.9585223048028377
722,15,361.1,0.9585795656905862
723,15,361.6,0.9586366687151596
724,15,362.1,0.9586936145284014
725,15,362.6,0.9587504037785717
726,15,363.1,0.9588070371103717
727,15,363.6,0.9588635151649683
728,15,364.1,0.9589198385800181
729,15,364.6,0.9589760079896915
730,15,365.1,0.9590320240246967
731,15,365.6,0.9590878873123025
732,15,366.1,0.9591435984763628
733,15,366.6,0.959199158137339
734,15,367.1,0.9592545669123234
735,15,367.6,0.9593098254150616
736,15,368.1,0.959364934255976
737,15,368.6,0.9594198940421875
738,15,369.1,0.9594747053775379
739,15,369.6,0.9595293688626121
740,15,370.1,0.9595838850947604
741,15,370.6,0.9596382546681196
742,15,371.1,0.959692478173635
743,15,371.6,0.9597465561990817
744,15,372.1,0.9598004893290855
745,15,372.6,0.9598542781451447
746,15,373.1,0.9599079232256503
747,15,373.6,0.9599614251459071
748,15,374.1,0.960014784478154
749,15,374.6,0.9600680017915846
750,15,375.1,0.9601210776523672
751,15,375.6,0.9601740126236653
752,15,376.1,0.960226807265657
753,15,376.6,0.9602794621355552
754,15,377.1,0.9603319777876265
755,15,377.6,0.9603843547732116
756,15,378.1,0.960436593640744
757,15,378.6,0.9604886949357689
758,15,379.1,0.9605406592009632
759,15,379.6,0.9605924869761528
760,15,380.1,0.9606441787983329
761,15,380.6,0.960695735201685
762,15,381.1,0.9607471567175968
763,15,381.6,0.9607984438746793
764,15,382.1,0.9608495971987853
765,15,382.6,0.9609006172130276
766,15,383.1,0.9609515044377963
767,15,383.6,0.9610022593907771
768,15,384.1,0.9610528825869684
769,15,384.6,0.9611033745386988
770,15,385.1,0.9611537357556443
771,15,385.6,0.961203966744846
772,15,386.1,0.9612540680107262
773,15,386.6,0.9613040400551061
774,15,387.1,0.9613538833772217
775,15,387.6,0.9614035984737416
776,15,388.1,0.9614531858387824
777,15,388.6,0.9615026459639253
778,15,389.1,0.9615519793382329
779,15,389.6,0.9616011864482646
780,15,390.1,0.9616502677780933
781,15,390.6,0.9616992238093203
782,15,391.1,0.9617480550210921
783,15,391.6,0.9617967618901153
784,15,392.1,0.9618453448906724
785,15,392.6,0.9618938044946372
786,15,393.1,0.9619421411714901
787,15,393.6,0.9619903553883328
788,15,394.1,0.962038447609904
789,15,394.6,0.9620864182985939
790,15,395.1,0.9621342679144592
791,15,395.6,0.9621819969152379
792,15,396.1,0.9622296057563634
793,15,396.6,0.9622770948909795
794,15,397.1,0.9623244647699545
795,15,397.6,0.9623717158418956
796,15,398.1,0.9624188485531631
797,15,398.6,0.9624658633478842
798,15,399.1,0.9625127606679671
799,15,399.6,0.962559540953115
800,15,400.1,0.9626062046408393
801,15,400.6,0.9626527521664742
802,15,401.1,0.962699183963189
803,15,401.6,0.9627455004620026
804,15,402.1,0.9627917020917961
805,15,402.6,0.9628377892793266
806,15,403.1,0.9628837624492399
807,15,403.6,0.9629296220240838
808,15,404.1,0.962975368424321
809,15,404.6,0.9630210020683415
810,15,405.1,0.9630665233724762
811,15,405.6,0.963111932751009
812,15,406.1,0.9631572306161893
813,15,406.6,0.9632024173782446
814,15,407.1,0.9632474934453932
815,15,407.6,0.9632924592238558
816,15,408.1,0.9633373151178684
817,15,408.6,0.9633820615296941
818,15,409.1,0.9634266988596348
819,15,409.6,0.9634712275060439
820,15,410.1,0.9635156478653374
821,15,410.6,0.963559960332006
822,15,411.1,0.9636041652986267
823,15,411.6,0.9636482631558746
824,15,412.1,0.9636922542925341
825,15,412.6,0.9637361390955105
826,15,413.1,0.9637799179498412
827,15,413.6,0.9638235912387071
828,15,414.1,0.9638671593434436
829,15,414.6,0.9639106226435521
830,15,415.1,0.9639539815167104
831,15,415.6,0.9639972363387842
832,15,416.1,0.9640403874838376
833,15,416.6,0.964083435324144
834,15,417.1,0.9641263802301968
835,15,417.6,0.9641692225707202
836,15,418.1,0.9642119627126793
837,15,418.6,0.9642546010212909
838,15,419.1,0.9642971378600341
839,15,419.6,0.96433957359066
840,15,420.1,0.9643819085732027
841,15,420.6,0.9644241431659888
842,15,421.1,0.9644662777256479
843,15,421.6,0.9645083126071226
844,15,422.1,0.9645502481636783
845,15,422.6,0.9645920847469133
846,15,423.1,0.9646338227067685
847,15,423.6,0.964675462391537
848,15,424.1,0.9647170041478743
849,15,424.6,0.9647584483208074
850,15,425.1,0.9647997952537443
851,15,425.6,0.9648410452884839
852,15,426.1,0.9648821987652255
853,15,426.6,0.9649232560225773
854,15,427.1,0.9649642173975668
855,15,427.6,0.9650050832256489
856,15,428.1,0.9650458538407162
857,15,428.6,0.9650865295751071
858,15,429.1,0.9651271107596155
859,15,429.6,0.9651675977234994
860,15,430.1,0.9652079907944898
861,15,430.6,0.9652482902987999
862,15,431.1,0.9652884965611332
863,15,431.6,0.9653286099046933
864,15,432.1,0.9653686306511913
865,15,432.6,0.9654085591208552
866,15,433.1,0.9654483956324383
867,15,433.6,0.9654881405032276
868,15,434.1,0.9655277940490523
869,15,434.6,0.9655673565842919
870,15,435.1,0.9656068284218848
871,15,435.6,0.9656462098733366
872,15,436.1,0.9656855012487278
873,15,436.6,0.9657247028567227
874,15,437.1,0.9657638150045768
875,15,437.6,0.965802837998145
876,15,438.1,0.96584177214189
877,15,438.6,0.9658806177388897
878,15,439.1,0.9659193750908449
879,15,439.6,0.965958044498088
880,15,440.1,0.9659966262595898
881,15,440.6,0.9660351206729679
882,15,441.1,0.9660735280344938
883,15,441.6,0.9661118486391007
884,15,442.1,0.9661500827803915
885,15,442.6,0.9661882307506453
886,15,443.1,0.966226292840826
887,15,443.6,0.9662642693405886
888,15,444.1,0.9663021605382877
889,15,444.6,0.9663399667209835
890,15,445.1,0.9663776881744504
891,15,445.6,0.9664153251831827
892,15,446.1,0.9664528780304034
893,15,446.6,0.9664903469980699
894,15,447.1,0.9665277323668818
895,15,447.6,0.9665650344162879
896,15,448.1,0.9666022534244927
897,15,448.6,0.9666393896684637
898,15,449.1,0.9666764434239383
899,15,449.6,0.9667134149654304
900,15,450.1,0.9667503045662373
901,15,450.6,0.9667871124984463
902,15,451.1,0.9668238390329414
903,15,451.6,0.9668604844394106
904,15,452.1,0.9668970489863513
905,15,452.6,0.9669335329410776
906,15,453.1,0.9669699365697272
907,15,453.6,0.9670062601372665
908,15,454.1,0.9670425039074989
909,15,454.6,0.9670786681430693
910,15,455.1,0.9671147531054718
911,15,455.6,0.9671507590550554
912,15,456.1,0.9671866862510305
913,15,456.6,0.9672225349514749
914,15,457.1,0.96725830541334
915,15,457.6,0.9672939978924571
916,15,458.1,0.9673296126435434
917,15,458.6,0.9673651499202082
918,15,459.1,0.9674006099749586
919,15,459.6,0.9674359930592057
920,15,460.1,0.9674712994232706
921,15,460.6,0.9675065293163901
922,15,461.1,0.9675416829867229
923,15,461.6,0.9675767606813549
924,15,462.1,0.9676117626463053
925,15,462.6,0.9676466891265327
926,15,463.1,0.96768154036594
927,15,463.6,0.9677163166073809
928,15,464.1,0.9677510180926647
929,15,464.6,0.9677856450625629
930,15,465.1,0.9678201977568139
931,15,465.6,0.967854676414129
932,15,466.1,0.9678890812721975
933,15,466.6,0.9679234125676929
934,15,467.1,0.9679576705362773
935,15,467.6,0.9679918554126078
936,15,468.1,0.968025967430341
937,15,468.6,0.9680600068221391
938,15,469.1,0.9680939738196744
939,15,469.6,0.9681278686536353
940,15,470.1,0.9681616915537311
941,15,470.6,0.968195442748697
942,15,471.1,0.9682291224662999
943,15,471.6,0.9682627309333428
944,15,472.1,0.9682962683756705
945,15,472.6,0.9683297350181742
946,15,473.1,0.968363131084797
947,15,473.6,0.9683964567985381
948,15,474.1,0.9684297123814588
949,15,474.6,0.9684628980546867
950,15,475.1,0.9684960140384204
951,15,475.6,0.9685290605519357
952,15,476.1,0.9685620378135884
953,15,476.6,0.9685949460408212
954,15,477.1,0.9686277854501668
955,15,477.6,0.9686605562572537
956,15,478.1,0.9686932586768104
957,15,478.6,0.9687258929226704
958,15,479.1,0.9687584592077765
959,15,479.6,0.9687909577441859
960,15,480.1,0.9688233887430742
961,15,480.6,0.9688557524147405
962,15,481.1,0.968888048968612
963,15,481.6,0.9689202786132479
964,15,482.1,0.9689524415563443
965,15,482.6,0.9689845380047388
966,15,483.1,0.9690165681644147
967,15,483.6,0.9690485322405055
968,15,484.1,0.9690804304372989
969,15,484.6,0.9691122629582419
970,15,485.1,0.9691440300059446
971,15,485.6,0.9691757317821845
972,15,486.1,0.9692073684879111
973,15,486.6,0.9692389403232495
974,15,487.1,0.9692704474875057
975,15,487.6,0.9693018901791693
976,15,488.1,0.9693332685959194
977,15,488.6,0.9693645829346271
978,15,489.1,0.9693958333913609
979,15,489.6,0.9694270201613899
980,15,490.1,0.9694581434391883
981,15,490.6,0.9694892034184395
982,15,491.1,0.9695202002920398
983,15,491.6,0.9695511342521027
984,15,492.1,0.9695820054899627
985,15,492.6,0.9696128141961791
986,15,493.1,0.9696435605605405
987,15,493.6,0.9696742447720679
988,15,494.1,0.9697048670190191
989,15,494.6,0.9697354274888926
990,15,495.1,0.9697659263684311
991,15,495.6,0.9697963638436252
992,15,496.1,0.9698267400997179
993,15,496.6,0.9698570553212077
994,15,497.1,0.9698873096918522
995,15,497.6,0.9699175033946725
996,15,498.1,0.9699476366119566
997,15,498.6,0.9699777095252625
998,15,499.1,0.9700077223154229
999,15,499.6,0.9700376751625479
1000,15,500.1,0.9700675682460289
1001,15,500.6,0.9700974017445426
1002,15,501.1,0.970127175836054
1003,15,501.6,0.9701568906978199
1004,15,502.1,0.970186546506393
1005,15,502.6,0.970216143437625
1006,15,503.1,0.9702456816666699
1007,15,503.6,0.970275161367988
1008,15,504.1,0.9703045827153486
1009,15,504.6,0.9703339458818342
1010,15,505.1,0.9703632510398433
1011,15,505.6,0.9703924983610943
1012,15,506.1,0.970421688016628
1013,15,506.6,0.970450820176812
1014,15,507.1,0.970479895011343
1015,15,507.6,0.9705089126892512
1016,15,508.1,0.9705378733789024
1017,15,508.6,0.9705667772480022
1018,15,509.1,0.9705956244635986
1019,15,509.6,0.9706244151920855
1020,15,510.1,0.970653149599206
1021,15,510.6,0.9706818278500554
1022,15,511.1,0.9707104501090843
1023,15,511.6,0.9707390165401022
1024,15,512.1,0.9707675273062798
1025,15,512.6,0.9707959825701524
1026,15,513.1,0.9708243824936245
1027,15,513.6,0.9708527272379698
1028,15,514.1,0.9708810169638371
1029,15,514.6,0.970909251831252
1030,15,515.1,0.9709374319996197
1031,15,515.6,0.9709655576277293
1032,15,516.1,0.970993628873755
1033,15,516.6,0.9710216458952607
1034,15,517.1,0.971049608849202
1035,15,517.6,0.9710775178919289
1036,15,518.1,0.9711053731791901
1037,15,518.6,0.971133174866134
1038,15,519.1,0.9711609231073134
1039,15,519.6,0.9711886180566871
1040,15,520.1,0.971216259867623
1041,15,520.6,0.9712438486929014
1042,15,521.1,0.9712713846847176
1043,15,521.6,0.9712988679946843
1044,15,522.1,0.9713262987738347
1045,15,522.6,0.9713536771726253
1046,15,523.1,0.971381003340939
1047,15,523.6,0.9714082774280871
1048,15,524.1,0.971435499582812
1049,15,524.6,0.971462669953291
1050,15,525.1,0.9714897886871375
1051,15,525.6,0.9715168559314052
1052,15,526.1,0.9715438718325896
1053,15,526.6,0.9715708365366307
1054,15,527.1,0.9715977501889165
1055,15,527.6,0.9716246129342847
1056,15,528.1,0.9716514249170259
1057,15,528.6,0.9716781862808858
1058,15,529.1,0.9717048971690679
1059,15,529.6,0.9717315577242361
1060,15,530.1,0.9717581680885173
1061,15,530.6,0.9717847284035037
1062,15,531.1,0.9718112388102554
1063,15,531.6,0.9718376994493032
1064,15,532.1,0.9718641104606505
1065,15,532.6,0.9718904719837761
1066,15,533.1,0.971916784157637
1067,15,533.6,0.9719430471206704
1068,15,534.1,0.9719692610107956
1069,15,534.6,0.9719954259654179
1070,15,535.1,0.9720215421214294
1071,15,535.6,0.9720476096152127
1072,15,536.1,0.9720736285826423
1073,15,536.6,0.9720995991590875
1074,15,537.1,0.9721255214794144
1075,15,537.6,0.9721513956779889
1076,15,538.1,0.972177221888678
1077,15,538.6,0.9722030002448527
1078,15,539.1,0.9722287308793909
1079,15,539.6,0.9722544139246782
1080,15,540.1,0.9722800495126116
1081,15,540.6,0.9723056377746008
1082,15,541.1,0.9723311788415709
1083,15,541.6,0.9723566728439649
1084,15,542.1,0.9723821199117448
1085,15,542.6,0.9724075201743955
1086,15,543.1,0.9724328737609251
1087,15,543.6,0.9724581807998689
1088,15,544.1,0.9724834414192901
1089,15,544.6,0.9725086557467829
1090,15,545.1,0.9725338239094742
1091,15,545.6,0.972558946034026
1092,15,546.1,0.9725840222466373
1093,15,546.6,0.9726090526730461
1094,15,547.1,0.9726340374385322
1095,15,547.6,0.9726589766679182
1096,15,548.1,0.9726838704855726
1097,15,548.6,0.9727087190154112
1098,15,549.1,0.9727335223808996
1099,15,549.6,0.9727582807050549
1100,15,550.1,0.9727829941104477
1101,15,550.6,0.9728076627192046
1102,15,551.1,0.9728322866530098
1103,15,551.6,0.9728568660331072
1104,15,552.1,0.9728814009803023
1105,15,552.6,0.9729058916149643
1106,15,553.1,0.9729303380570281
1107,15,553.6,0.9729547404259963
1108,15,554.1,0.9729790988409408
1109,15,554.6,0.9730034134205052
1110,15,555.1,0.9730276842829063
1111,15,555.6,0.9730519115459363
1112,15,556.1,0.9730760953269648
1113,15,556.6,0.9731002357429402
1114,15,557.1,0.9731243329103922
1115,15,557.6,0.9731483869454333
1116,15,558.1,0.9731723979637605
1117,15,558.6,0.9731963660806578
1118,15,559.1,0.9732202914109974
1119,15,559.6,0.9732441740692418
1120,15,560.1,0.9732680141694455
1121,15,560.6,0.9732918118252574
1122,15,561.1,0.9733155671499214
1123,15,561.6,0.9733392802562796
1124,15,562.1,0.9733629512567729
1125,15,562.6,0.9733865802634435
1126,15,563.1,0.9734101673879365
1127,15,563.6,0.9734337127415016
1128,15,564.1,0.9734572164349947
1129,15,564.6,0.97348067857888
1130,15,565.1,0.9735040992832314
1131,15,565.6,0.9735274786577344
1132,15,566.1,0.9735508168116876
1133,15,566.6,0.9735741138540049
1134,15,567.1,0.9735973698932167
1135,15,567.6,0.9736205850374715
1136,15,568.1,0.9736437593945381
1137,15,568.6,0.973666893071807
1138,15,569.1,0.9736899861762919
1139,15,569.6,0.9737130388146314
1140,15,570.1,0.9737360510930912
1141,15,570.6,0.9737590231175648
1142,15,571.1,0.9737819549935758
1143,15,571.6,0.9738048468262791
1144,15,572.1,0.973827698720463
1145,15,572.6,0.9738505107805504
1146,15,573.1,0.9738732831106004
1147,15,573.6,0.9738960158143101
1148,15,574.1,0.9739187089950161
1149,15,574.6,0.9739413627556959
1150,15,575.1,0.9739639771989697
1151,15,575.6,0.9739865524271016
1152,15,576.1,0.9740090885420019
1153,15,576.6,0.9740315856452273
1154,15,577.1,0.974054043837984
1155,15,577.6,0.974076463221128
1156,15,578.1,0.9740988438951671
1157,15,578.6,0.9741211859602626
1158,15,579.1,0.9741434895162305
1159,15,579.6,0.9741657546625426
1160,15,580.1,0.9741879814983291
1161,15,580.6,0.9742101701223789
1162,15,581.1,0.9742323206331416
1163,15,581.6,0.9742544331287291
1164,15,582.1,0.9742765077069168
1165,15,582.6,0.9742985444651449
1166,15,583.1,0.9743205435005203
1167,15,583.6,0.9743425049098178
1168,15,584.1,0.974364428789481
1169,15,584.6,0.9743863152356249
1170,15,585.1,0.9744081643440358
1171,15,585.6,0.9744299762101741
1172,15,586.1,0.9744517509291749
1173,15,586.6,0.9744734885958494
1174,15,587.1,0.9744951893046866
1175,15,587.6,0.9745168531498546
1176,15,588.1,0.9745384802252016
1177,15,588.6,0.9745600706242576
1178,15,589.1,0.974581624440236
1179,15,589.6,0.974603141766034
1180,15,590.1,0.9746246226942352
1181,15,590.6,0.9746460673171099
1182,15,591.1,0.9746674757266167
1183,15,591.6,0.9746888480144041
1184,15,592.1,0.9747101842718118
1185,15,592.6,0.9747314845898715
1186,15,593.1,0.9747527490593084
1187,15,593.6,0.9747739777705431
1188,15,594.1,0.974795170813692
1189,15,594.6,0.974816328278569
1190,15,595.1,0.9748374502546869
1191,15,595.6,0.9748585368312583
1192,15,596.1,0.9748795880971971
1193,15,596.6,0.9749006041411198
1194,15,597.1,0.9749215850513463
1195,15,597.6,0.974942530915902
1196,15,598.1,0.974963441822518
1197,15,598.6,0.9749843178586332
1198,15,599.1,0.9750051591113948
1199,15,599.6,0.9750259656676603
1200,15,600.1,0.9750467376139978
1201,15,600.6,0.975067475036688
1202,15,601.1,0.975088178021725
1203,15,601.6,0.9751088466548172
1204,15,602.1,0.9751294810213894
1205,15,602.6,0.9751500812065831
1206,15,603.1,0.9751706472952579
1207,15,603.6,0.975191179371993
1208,15,604.1,0.9752116775210877
1209,15,604.6,0.9752321418265635
1210,15,605.1,0.9752525723721642
1211,15,605.6,0.9752729692413579
1212,15,606.1,0.9752933325173375
1213,15,606.6,0.9753136622830225
1214,15,607.1,0.9753339586210593
1215,15,607.6,0.975354221613823
1216,15,608.1,0.9753744513434183
1217,15,608.6,0.9753946478916804
1218,15,609.1,0.9754148113401765
1219,15,609.6,0.9754349417702065
1220,15,610.1,0.9754550392628044
1221,15,610.6,0.9754751038987393
1222,15,611.1,0.9754951357585163
1223,15,611.6,0.9755151349223777
1224,15,612.1,0.9755351014703043
1225,15,612.6,0.975555035482016
1226,15,613.1,0.9755749370369735
1227,15,613.6,0.9755948062143786
1228,15,614.1,0.9756146430931757
1229,15,614.6,0.9756344477520528
1230,15,615.1,0.9756542202694427
1231,15,615.6,0.9756739607235235
1232,15,616.1,0.9756936691922203
1233,15,616.6,0.9757133457532059
1234,15,617.1,0.9757329904839014
1235,15,617.6,0.975752603461478
1236,15,618.1,0.9757721847628577
1237,15,618.6,0.9757917344647139
1238,15,619.1,0.9758112526434732
1239,15,619.6,0.9758307393753157
1240,15,620.1,0.9758501947361762
1241,15,620.6,0.9758696188017453
1242,15,621.1,0.9758890116474703
1243,15,621.6,0.9759083733485563
1244,15,622.1,0.9759277039799666
1245,15,622.6,0.975947003616425
1246,15,623.1,0.975966272332415
1247,15,623.6,0.9759855102021819
1248,15,624.1,0.9760047172997339
1249,15,624.6,0.9760238936988422
1250,15,625.1,0.9760430394730426
1251,15,625.6,0.9760621546956361
1252,15,626.1,0.97608123943969
1253,15,626.6,0.976100293778039
1254,15,627.1,0.9761193177832855
1255,15,627.6,0.9761383115278014
1256,15,628.1,0.9761572750837283
1257,15,628.6,0.9761762085229787
1258,15,629.1,0.9761951119172371
1259,15,629.6,0.9762139853379602
1260,15,630.1,0.9762328288563789
1261,15,630.6,0.9762516425434982
1262,15,631.1,0.9762704264700985
1263,15,631.6,0.9762891807067366
1264,15,632.1,0.9763079053237463
1265,15,632.6,0.9763266003912398
1266,15,633.1,0.9763452659791075
1267,15,633.6,0.9763639021570203
1268,15,634.1,0.9763825089944292
1269,15,634.6,0.9764010865605671
1270,15,635.1,0.976419634924449
1271,15,635.6,0.9764381541548733
1272,15,636.1,0.9764566443204223
1273,15,636.6,0.9764751054894634
1274,15,637.1,0.9764935377301495
1275,15,637.6,0.9765119411104203
1276,15,638.1,0.9765303156980027
1277,15,638.6,0.9765486615604123
1278,15,639.1,0.9765669787649534
1279,15,639.6,0.9765852673787203
1280,15,640.1,0.976603527468598
1281,15,640.6,0.9766217591012631
1282,15,641.1,0.9766399623431847
1283,15,641.6,0.9766581372606248
1284,15,642.1,0.9766762839196393
1285,15,642.6,0.9766944023860794
1286,15,643.1,0.9767124927255912
1287,15,643.6,0.9767305550036176
1288,15,644.1,0.9767485892853985
1289,15,644.6,0.9767665956359717
1290,15,645.1,0.9767845741201737
1291,15,645.6,0.9768025248026406
1292,15,646.1,0.9768204477478086
1293,15,646.6,0.9768383430199152
1294,15,647.1,0.9768562106829994
1295,15,647.6,0.9768740508009031
1296,15,648.1,0.976891863437271
1297,15,648.6,0.9769096486555524
1298,15,649.1,0.9769274065190013
1299,15,649.6,0.9769451370906772
1300,15,650.1,0.9769628404334458
1301,15,650.6,0.9769805166099803
1302,15,651.1,0.9769981656827613
1303,15,651.6,0.9770157877140782
1304,15,652.1,0.9770333827660294
1305,15,652.6,0.9770509509005236
1306,15,653.1,0.9770684921792804
1307,15,653.6,0.9770860066638302
1308,15,654.1,0.9771034944155162
1309,15,654.6,0.9771209554954943
1310,15,655.1,0.9771383899647339
1311,15,655.6,0.9771557978840189
1312,15,656.1,0.977173179313948
1313,15,656.6,0.9771905343149359
1314,15,657.1,0.9772078629472135
1315,15,657.6,0.977225165270829
1316,15,658.1,0.9772424413456484
1317,15,658.6,0.977259691231356
1318,15,659.1,0.9772769149874555
1319,15,659.6,0.9772941126732704
1320,15,660.1,0.9773112843479449
1321,15,660.6,0.9773284300704441
1322,15,661.1,0.9773455498995555
1323,15,661.6,0.9773626438938887
1324,15,662.1,0.9773797121118769
1325,15,662.6,0.9773967546117771
1326,15,663.1,0.9774137714516709
1327,15,663.6,0.977430762689465
1328,15,664.1,0.9774477283828923
1329,15,664.6,0.977464668589512
1330,15,665.1,0.9774815833667104
1331,15,665.6,0.9774984727717022
1332,15,666.1,0.97751533686153
1333,15,666.6,0.9775321756930658
1334,15,667.1,0.9775489893230114
1335,15,667.6,0.9775657778078989
1336,15,668.1,0.9775825412040916
1337,15,668.6,0.9775992795677844
1338,15,669.1,0.9776159929550042
1339,15,669.6,0.9776326814216115
1340,15,670.1,0.9776493450232999
1341,15,670.6,0.9776659838155972
1342,15,671.1,0.9776825978538661
1343,15,671.6,0.9776991871933046
1344,15,672.1,0.9777157518889468
1345,15,672.6,0.9777322919956634
1346,15,673.1,0.9777488075681622
1347,15,673.6,0.977765298660989
1348,15,674.1,0.9777817653285282
1349,15,674.6,0.9777982076250029
1350,15,675.1,0.9778146256044759
1351,15,675.6,0.9778310193208501
1352,15,676.1,0.9778473888278698
1353,15,676.6,0.9778637341791199
1354,15,677.1,0.9778800554280278
1355,15,677.6,0.9778963526278632
1356,15,678.1,0.9779126258317392
1357,15,678.6,0.9779288750926125
1358,15,679.1,0.9779451004632839
1359,15,679.6,0.9779613019963992
1360,15,680.1,0.9779774797444498
1361,15,680.6,0.977993633759773
1362,15,681.1,0.9780097640945525
1363,15,681.6,0.9780258708008194
1364,15,682.1,0.9780419539304521
1365,15,682.6,0.9780580135351779
1366,15,683.1,0.978074049666572
1367,15,683.6,0.9780900623760597
1368,15,684.1,0.9781060517149159
1369,15,684.6,0.978122017734266
1370,15,685.1,0.9781379604850864
1371,15,685.6,0.9781538800182049
1372,15,686.1,0.9781697763843016
1373,15,686.6,0.978185649633909
1374,15,687.1,0.9782014998174128
1375,15,687.6,0.9782173269850525
1376,15,688.1,0.9782331311869218
1377,15,688.6,0.978248912472969
1378,15,689.1,0.9782646708929976
1379,15,689.6,0.9782804064966673
1380,15,690.1,0.9782961193334936
1381,15,690.6,0.9783118094528492
1382,15,691.1,0.9783274769039639
1383,15,691.6,0.9783431217359257
1384,15,692.1,0.9783587439976805
1385,15,692.6,0.9783743437380336
1386,15,693.1,0.978389921005649
1387,15,693.6,0.9784054758490516
1388,15,694.1,0.9784210083166256
1389,15,694.6,0.978436518456617
1390,15,695.1,0.9784520063171327
1391,15,695.6,0.9784674719461416
1392,15,696.1,0.9784829153914752
1393,15,696.6,0.9784983367008275
1394,15,697.1,0.9785137359217564
1395,15,697.6,0.9785291131016832
1396,15,698.1,0.9785444682878937
1397,15,698.6,0.9785598015275386
1398,15,699.1,0.9785751128676341
1399,15,699.6,0.9785904023550617
1400,15,700.1,0.9786056700365697
1401,15,700.6,0.9786209159587729
1402,15,701.1,0.9786361401681533
1403,15,701.6,0.9786513427110607
1404,15,702.1,0.9786665236337132
1405,15,702.6,0.9786816829821973
1406,15,703.1,0.9786968208024687
1407,15,703.6,0.9787119371403527
1408,15,704.1,0.9787270320415447
1409,15,704.6,0.9787421055516103
1410,15,705.1,0.9787571577159866
1411,15,705.6,0.9787721885799815
1412,15,706.1,0.9787871981887752
1413,15,706.6,0.9788021865874202
1414,15,707.1,0.9788171538208414
1415,15,707.6,0.9788320999338374
1416,15,708.1,0.97884702497108
1417,15,708.6,0.9788619289771155
1418,15,709.1,0.9788768119963647
1419,15,709.6,0.9788916740731229
1420,15,710.1,0.9789065152515617
1421,15,710.6,0.9789213355757277
1422,15,711.1,0.9789361350895445
1423,15,711.6,0.978950913836812
1424,15,712.1,0.9789656718612075
1425,15,712.6,0.9789804092062857
1426,15,713.1,0.9789951259154797
1427,15,713.6,0.9790098220321005
1428,15,714.1,0.9790244975993385
1429,15,714.6,0.9790391526602633
1430,15,715.1,0.9790537872578239
1431,15,715.6,0.9790684014348499
1432,15,716.1,0.9790829952340511
1433,15,716.6,0.9790975686980185
1434,15,717.1,0.9791121218692245
1435,15,717.6,0.979126654790023
1436,15,718.1,0.9791411675026506
1437,15,718.6,0.9791556600492262
1438,15,719.1,0.9791701324717519
1439,15,719.6,0.9791845848121129
1440,15,720.1,0.9791990171120788
1441,15,720.6,0.9792134294133031
1442,15,721.1,0.9792278217573239
1443,15,721.6,0.9792421941855645
1444,15,722.1,0.9792565467393336
1445,15,722.6,0.9792708794598257
1446,15,723.1,0.9792851923881217
1447,15,723.6,0.9792994855651889
1448,15,724.1,0.9793137590318817
1449,15,724.6,0.979328012828942
1450,15,725.1,0.9793422469969993
1451,15,725.6,0.9793564615765715
1452,15,726.1,0.979370656608065
1453,15,726.6,0.979384832131775
1454,15,727.1,0.9793989881878862
1455,15,727.6,0.9794131248164729
1456,15,728.1,0.9794272420574996
1457,15,728.6,0.9794413399508213
1458,15,729.1,0.9794554185361835
1459,15,729.6,0.9794694778532234
1460,15,730.1,0.9794835179414693
1461,15,730.6,0.9794975388403419
1462,15,731.1,0.9795115405891538
1463,15,731.6,0.9795255232271107
1464,15,732.1,0.979539486793311
1465,15,732.6,0.979553431326747
1466,15,733.1,0.9795673568663041
1467,15,733.6,0.9795812634507624
1468,15,734.1,0.9795951511187961
1469,15,734.6,0.9796090199089749
1470,15,735.1,0.9796228698597629
1471,15,735.6,0.9796367010095204
1472,15,736.1,0.9796505133965033
1473,15,736.6,0.979664307058864
1474,15,737.1,0.9796780820346512
1475,15,737.6,0.9796918383618111
1476,15,738.1,0.9797055760781868
1477,15,738.6,0.9797192952215191
1478,15,739.1,0.9797329958294473
1479,15,739.6,0.9797466779395083
1480,15,740.1,0.9797603415891384
1481,15,740.6,0.9797739868156726
1482,15,741.1,0.9797876136563454
1483,15,741.6,0.9798012221482909
1484,15,742.1,0.9798148123285435
1485,15,742.6,0.9798283842340378
1486,15,743.1,0.9798419379016093
1487,15,743.6,0.9798554733679945
1488,15,744.1,0.9798689906698312
1489,15,744.6,0.9798824898436592
1490,15,745.1,0.97989597092592
1491,15,745.6,0.9799094339529578
1492,15,746.1,0.9799228789610194
1493,15,746.6,0.9799363059862546
1494,15,747.1,0.9799497150647167
1495,15,747.6,0.9799631062323626
1496,15,748.1,0.9799764795250532
1497,15,748.6,0.9799898349785539
1498,15,749.1,0.9800031726285343
1499,15,749.6,0.9800164925105695
1500,15,750.1,0.9800297946601396
1501,15,750.6,0.9800430791126304
1502,15,751.1,0.9800563459033337
1503,15,751.6,0.9800695950674472
1504,15,752.1,0.9800828266400754
1505,15,752.6,0.9800960406562297
1506,15,753.1,0.9801092371508283
1507,15,753.6,0.9801224161586973
1508,15,754.1,0.9801355777145704
1509,15,754.6,0.9801487218530892
1510,15,755.1,0.9801618486088041
1511,15,755.6,0.9801749580161736
1512,15,756.1,0.9801880501095657
1513,15,756.6,0.9802011249232573
1514,15,757.1,0.9802141824914353
1515,15,757.6,0.9802272228481961
1516,15,758.1,0.9802402460275464
1517,15,758.6,0.9802532520634036
1518,15,759.1,0.9802662409895955
1519,15,759.6,0.980279212839861
1520,15,760.1,0.9802921676478507
1521,15,760.6,0.9803051054471266
1522,15,761.1,0.9803180262711625
1523,15,761.6,0.9803309301533446
1524,15,762.1,0.9803438171269718
1525,15,762.6,0.9803566872252554
1526,15,763.1,0.98036954048132
1527,15,763.6,0.9803823769282034
1528,15,764.1,0.9803951965988574
1529,15,764.6,0.9804079995261474
1530,15,765.1,0.9804207857428532
1531,15,765.6,0.9804335552816689
1532,15,766.1,0.9804463081752034
1533,15,766.6,0.980459044455981
1534,15,767.1,0.9804717641564408
1535,15,767.6,0.9804844673089378
1536,15,768.1,0.980497153945743
1537,15,768.6,0.9805098240990431
1538,15,769.1,0.9805224778009417
1539,15,769.6,0.9805351150834587
1540,15,770.1,0.9805477359785314
1541,15,770.6,0.9805603405180138
1542,15,771.1,0.9805729287336777
1543,15,771.6,0.9805855006572128
1544,15,772.1,0.9805980563202266
1545,15,772.6,0.9806105957542447
1546,15,773.1,0.9806231189907119
1547,15,773.6,0.9806356260609911
1548,15,774.1,0.9806481169963648
1549,15,774.6,0.9806605918280347
1550,15,775.1,0.9806730505871218
1551,15,775.6,0.9806854933046676
1552,15,776.1,0.980697920011633
1553,15,776.6,0.9807103307388998
1554,15,777.1,0.9807227255172701
1555,15,777.6,0.9807351043774674
1556,15,778.1,0.9807474673501355
1557,15,778.6,0.9807598144658405
1558,15,779.1,0.9807721457550694
1559,15,779.6,0.9807844612482316
1560,15,780.1,0.9807967609756585
1561,15,780.6,0.9808090449676037
1562,15,781.1,0.9808213132542436
1563,15,781.6,0.9808335658656777
1564,15,782.1,0.9808458028319282
1565,15,782.6,0.9808580241829412
1566,15,783.1,0.980870229948586
1567,15,783.6,0.9808824201586557
1568,15,784.1,0.980894594842868
1569,15,784.6,0.9809067540308646
1570,15,785.1,0.9809188977522119
1571,15,785.6,0.9809310260364009
1572,15,786.1,0.9809431389128482
1573,15,786.6,0.9809552364108952
1574,15,787.1,0.9809673185598091
1575,15,787.6,0.9809793853887828
1576,15,788.1,0.9809914369269352
1577,15,788.6,0.9810034732033115
1578,15,789.1,0.9810154942468835
1579,15,789.6,0.9810275000865494
1580,15,790.1,0.9810394907511346
1581,15,790.6,0.9810514662693918
1582,15,791.1,0.9810634266700007
1583,15,791.6,0.9810753719815689
1584,15,792.1,0.9810873022326321
1585,15,792.6,0.9810992174516535
1586,15,793.1,0.9811111176670251
1587,15,793.6,0.9811230029070673
1588,15,794.1,0.9811348732000295
1589,15,794.6,0.9811467285740895
1590,15,795.1,0.9811585690573548
1591,15,795.6,0.9811703946778623
1592,15,796.1,0.9811822054635784
1593,15,796.6,0.9811940014423995
1594,15,797.1,0.9812057826421523
1595,15,797.6,0.9812175490905932
1596,15,798.1,0.9812293008154098
1597,15,798.6,0.9812410378442201
1598,15,799.1,0.9812527602045731
1599,15,799.6,0.9812644679239491
1600,15,800.1,0.9812761610297598
1601,15,800.6,0.9812878395493483
1602,15,801.1,0.9812995035099898
1603,15,801.6,0.9813111529388915
1604,15,802.1,0.9813227878631926
1605,15,802.6,0.981334408309965
1606,15,803.1,0.9813460143062133
1607,15,803.6,0.9813576058788749
1608,15,804.1,0.9813691830548201
1609,15,804.6,0.981380745860853
1610,15,805.1,0.9813922943237106
1611,15,805.6,0.981403828470064
1612,15,806.1,0.9814153483265182
1613,15,806.6,0.9814268539196123
1614,15,807.1,0.9814383452758194
1615,15,807.6,0.9814498224215477
1616,15,808.1,0.9814612853831395
1617,15,808.6,0.9814727341868726
1618,15,809.1,0.9814841688589596
1619,15,809.6,0.9814955894255486
1620,15,810.1,0.9815069959127231
1621,15,810.6,0.9815183883465024
1622,15,811.1,0.9815297667528415
1623,15,811.6,0.9815411311576322
1624,15,812.1,0.9815524815867017
1625,15,812.6,0.9815638180658144
1626,15,813.1,0.9815751406206712
1627,15,813.6,0.9815864492769099
1628,15,814.1,0.9815977440601051
1629,15,814.6,0.9816090249957694
1630,15,815.1,0.9816202921093523
1631,15,815.6,0.9816315454262411
1632,15,816.1,0.9816427849717612
1633,15,816.6,0.9816540107711755
1634,15,817.1,0.9816652228496858
1635,15,817.6,0.9816764212324322
1636,15,818.1,0.9816876059444929
1637,15,818.6,0.9816987770108855
1638,15,819.1,0.9817099344565663
1639,15,819.6,0.9817210783064308
1640,15,820.1,0.9817322085853142
1641,15,820.6,0.9817433253179907
1642,15,821.1,0.9817544285291747
1643,15,821.6,0.9817655182435202
1644,15,822.1,0.9817765944856215
1645,15,822.6,0.9817876572800132
1646,15,823.1,0.98179870665117
1647,15,823.6,0.9818097426235078
1648,15,824.1,0.981820765221383
1649,15,824.6,0.981831774469093
1650,15,825.1,0.9818427703908764
1651,15,825.6,0.9818537530109133
1652,15,826.1,0.9818647223533252
1653,15,826.6,0.9818756784421753
1654,15,827.1,0.9818866213014688
1655,15,827.6,0.9818975509551527
1656,15,828.1,0.9819084674271167
1657,15,828.6,0.9819193707411926
1658,15,829.1,0.9819302609211548
1659,15,829.6,0.9819411379907204
1660,15,830.1,0.9819520019735496
1661,15,830.6,0.9819628528932457
1662,15,831.1,0.9819736907733552
1663,15,831.6,0.981984515637368
1664,15,832.1,0.9819953275087177
1665,15,832.6,0.9820061264107816
1666,15,833.1,0.9820169123668809
1667,15,833.6,0.9820276854002813
1668,15,834.1,0.9820384455341924
1669,15,834.6,0.9820491927917683
1670,15,835.1,0.9820599271961078
1671,15,835.6,0.9820706487702545
1672,15,836.1,0.9820813575371968
1673,15,836.6,0.9820920535198686
1674,15,837.1,0.9821027367411486
1675,15,837.6,0.9821134072238611
1676,15,838.1,0.9821240649907762
1677,15,838.6,0.9821347100646095
1678,15,839.1,0.9821453424680228
1679,15,839.6,0.9821559622236238
1680,15,840.1,0.9821665693539663
1681,15,840.6,0.982177163881551
1682,15,841.1,0.9821877458288245
1683,15,841.6,0.9821983152181808
1684,15,842.1,0.9822088720719603
1685,15,842.6,0.9822194164124506
1686,15,843.1,0.9822299482618866
1687,15,843.6,0.9822404676424504
1688,15,844.1,0.9822509745762716
1689,15,844.6,0.9822614690854278
1690,15,845.1,0.9822719511919438
1691,15,845.6,0.9822824209177928
1692,15,846.1,0.9822928782848963
1693,15,846.6,0.9823033233151237
1694,15,847.1,0.9823137560302928
1695,15,847.6,0.9823241764521704
1696,15,848.1,0.9823345846024716
1697,15,848.6,0.9823449805028606
1698,15,849.1,0.9823553641749507
1699,15,849.6,0.9823657356403043
1700,15,850.1,0.9823760949204329
1701,15,850.6,0.9823864420367979
1702,15,851.1,0.9823967770108103
1703,15,851.6,0.9824070998638303
1704,15,852.1,0.9824174106171689
1705,15,852.6,0.9824277092920864
1706,15,853.1,0.982437995909794
1707,15,853.6,0.9824482704914524
1708,15,854.1,0.9824585330581738
1709,15,854.6,0.9824687836310203
1710,15,855.1,0.9824790222310053
1711,15,855.6,0.9824892488790927
1712,15,856.1,0.9824994635961978
1713,15,856.6,0.982509666403187
1714,15,857.1,0.9825198573208783
1715,15,857.6,0.9825300363700408
1716,15,858.1,0.9825402035713955
1717,15,858.6,0.9825503589456153
1718,15,859.1,0.9825605025133247
1719,15,859.6,0.9825706342951006
1720,15,860.1,0.9825807543114721
1721,15,860.6,0.9825908625829203
1722,15,861.1,0.9826009591298792
1723,15,861.6,0.9826110439727351
1724,15,862.1,0.9826211171318275
1725,15,862.6,0.9826311786274483
1726,15,863.1,0.9826412284798427
1727,15,863.6,0.982651266709209
1728,15,864.1,0.9826612933356988
1729,15,864.6,0.9826713083794175
1730,15,865.1,0.9826813118604234
1731,15,865.6,0.982691303798729
1732,15,866.1,0.9827012842143006
1733,15,866.6,0.9827112531270583
1734,15,867.1,0.9827212105568764
1735,15,867.6,0.9827311565235837
1736,15,868.1,0.9827410910469627
1737,15,868.6,0.9827510141467511
1738,15,869.1,0.982760925842641
1739,15,869.6,0.982770826154279
1740,15,870.1,0.9827807151012671
1741,15,870.6,0.9827905927031619
1742,15,871.1,0.9828004589794754
1743,15,871.6,0.9828103139496748
1744,15,872.1,0.9828201576331825
1745,15,872.6,0.982829990049377
1746,15,873.1,0.9828398112175918
1747,15,873.6,0.9828496211571166
1748,15,874.1,0.9828594198871969
1749,15,874.6,0.9828692074270343
1750,15,875.1,0.9828789837957866
1751,15,875.6,0.9828887490125677
1752,15,876.1,0.9828985030964482
1753,15,876.6,0.982908246066455
1754,15,877.1,0.9829179779415717
1755,15,877.6,0.9829276987407388
1756,15,878.1,0.9829374084828537
1757,15,878.6,0.9829471071867708
1758,15,879.1,0.9829567948713017
1759,15,879.6,0.9829664715552151
1760,15,880.1,0.9829761372572374
1761,15,880.6,0.9829857919960523
1762,15,881.1,0.9829954357903011
1763,15,881.6,0.9830050686585831
1764,15,882.1,0.9830146906194552
1765,15,882.6,0.9830243016914326
1766,15,883.1,0.9830339018929886
1767,15,883.6,0.9830434912425542
1768,15,884.1,0.9830530697585194
1769,15,884.6,0.9830626374592325
1770,15,885.1,0.9830721943630001
1771,15,885.6,0.9830817404880879
1772,15,886.1,0.9830912758527204
1773,15,886.6,0.9831008004750805
1774,15,887.1,0.9831103143733109
1775,15,887.6,0.9831198175655129
1776,15,888.1,0.9831293100697475
1777,15,888.6,0.9831387919040346
1778,15,889.1,0.9831482630863543
1779,15,889.6,0.9831577236346456
1780,15,890.1,0.9831671735668078
1781,15,890.6,0.9831766129006998
1782,15,891.1,0.9831860416541405
1783,15,891.6,0.9831954598449089
1784,15,892.1,0.983204867490744
1785,15,892.6,0.9832142646093455
1786,15,893.1,0.9832236512183731
1787,15,893.6,0.9832330273354474
1788,15,894.1,0.9832423929781492
1789,15,894.6,0.9832517481640205
1790,15,895.1,0.9832610929105638
1791,15,895.6,0.9832704272352428
1792,15,896.1,0.9832797511554822
1793,15,896.6,0.9832890646886675
1794,15,897.1,0.9832983678521463
1795,15,897.6,0.9833076606632268
1796,15,898.1,0.9833169431391792
1797,15,898.6,0.9833262152972351
1798,15,899.1,0.9833354771545877
1799,15,899.6,0.9833447287283923
1800,15,900.1,0.9833539700357661
1801,15,900.6,0.983363201093788
1802,15,901.1,0.9833724219194995
1803,15,901.6,0.983381632529904
1804,15,902.1,0.9833908329419673
1805,15,902.6,0.9834000231726178
1806,15,903.1,0.9834092032387464
1807,15,903.6,0.9834183731572065
1808,15,904.1,0.9834275329448144
1809,15,904.6,0.9834366826183495
1810,15,905.1,0.9834458221945536
1811,15,905.6,0.9834549516901321
1812,15,906.1,0.9834640711217533
1813,15,906.6,0.9834731805060487
1814,15,907.1,0.9834822798596136
1815,15,907.6,0.9834913691990061
1816,15,908.1,0.9835004485407486
1817,15,908.6,0.9835095179013267
1818,15,909.1,0.9835185772971898
1819,15,909.6,0.9835276267447516
1820,15,910.1,0.983536666260389
1821,15,910.6,0.9835456958604439
1822,15,911.1,0.9835547155612215
1823,15,911.6,0.983563725378992
1824,15,912.1,0.9835727253299893
1825,15,912.6,0.9835817154304124
1826,15,913.1,0.9835906956964243
1827,15,913.6,0.9835996661441531
1828,15,914.1,0.9836086267896914
1829,15,914.6,0.9836175776490967
1830,15,915.1,0.9836265187383916
1831,15,915.6,0.9836354500735635
1832,15,916.1,0.983644371670565
1833,15,916.6,0.983653283545314
1834,15,917.1,0.9836621857136938
1835,15,917.6,0.983671078191553
1836,15,918.1,0.9836799609947057
1837,15,918.6,0.9836888341389317
1838,15,919.1,0.9836976976399764
1839,15,919.6,0.9837065515135511
1840,15,920.1,0.983715395775333
1841,15,920.6,0.9837242304409651
1842,15,921.1,0.9837330555260567
1843,15,921.6,0.983741871046183
1844,15,922.1,0.9837506770168859
1845,15,922.6,0.9837594734536732
1846,15,923.1,0.9837682603720193
1847,15,923.6,0.9837770377873651
1848,15,924.1,0.9837858057151183
1849,15,924.6,0.983794564170653
1850,15,925.1,0.9838033131693105
1851,15,925.6,0.9838120527263985
1852,15,926.1,0.9838207828571921
1853,15,926.6,0.9838295035769332
1854,15,927.1,0.9838382149008311
1855,15,927.6,0.9838469168440622
1856,15,928.1,0.9838556094217702
1857,15,928.6,0.9838642926490662
1858,15,929.1,0.983872966541029
1859,15,929.6,0.9838816311127047
1860,15,930.1,0.9838902863791074
1861,15,930.6,0.9838989323552189
1862,15,931.1,0.9839075690559885
1863,15,931.6,0.983916196496334
1864,15,932.1,0.9839248146911409
1865,15,932.6,0.9839334236552627
1866,15,933.1,0.9839420234035214
1867,15,933.6,0.9839506139507073
1868,15,934.1,0.9839591953115786
1869,15,934.6,0.9839677675008626
1870,15,935.1,0.9839763305332545
1871,15,935.6,0.9839848844234187
1872,15,936.1,0.9839934291859879
1873,15,936.6,0.9840019648355637
1874,15,937.1,0.9840104913867167
1875,15,937.6,0.9840190088539863
1876,15,938.1,0.984027517251881
1877,15,938.6,0.9840360165948784
1878,15,939.1,0.9840445068974254
1879,15,939.6,0.984052988173938
1880,15,940.1,0.9840614604388018
1881,15,940.6,0.9840699237063717
1882,15,941.1,0.984078377990972
1883,15,941.6,0.9840868233068968
1884,15,942.1,0.9840952596684099
1885,15,942.6,0.9841036870897448
1886,15,943.1,0.9841121055851049
1887,15,943.6,0.9841205151686633
1888,15,944.1,0.9841289158545635
1889,15,944.6,0.9841373076569189
1890,15,945.1,0.9841456905898129
1891,15,945.6,0.9841540646672995
1892,15,946.1,0.9841624299034026
1893,15,946.6,0.984170786312117
1894,15,947.1,0.9841791339074074
1895,15,947.6,0.9841874727032097
1896,15,948.1,0.9841958027134299
1897,15,948.6,0.9842041239519449
1898,15,949.1,0.9842124364326025
1899,15,949.6,0.9842207401692213
1900,15,950.1,0.9842290351755908
1901,15,950.6,0.9842373214654715
1902,15,951.1,0.9842455990525951
1903,15,951.6,0.9842538679506644
1904,15,952.1,0.9842621281733533
1905,15,952.6,0.9842703797343075
1906,15,953.1,0.9842786226471436
1907,15,953.6,0.9842868569254499
1908,15,954.1,0.9842950825827862
1909,15,954.6,0.9843032996326839
1910,15,955.1,0.9843115080886461
1911,15,955.6,0.9843197079641478
1912,15,956.1,0.9843278992726356
1913,15,956.6,0.9843360820275284
1914,15,957.1,0.9843442562422166
1915,15,957.6,0.984352421930063
1916,15,958.1,0.9843605791044024
1917,15,958.6,0.984368727778542
1918,15,959.1,0.9843768679657611
1919,15,959.6,0.9843849996793113
1920,15,960.1,0.9843931229324168
1921,15,960.6,0.9844012377382741
1922,15,961.1,0.9844093441100527
1923,15,961.6,0.9844174420608941
1924,15,962.1,0.984425531603913
1925,15,962.6,0.9844336127521967
1926,15,963.1,0.9844416855188053
1927,15,963.6,0.984449749916772
1928,15,964.1,0.984457805959103
1929,15,964.6,0.9844658536587773
1930,15,965.1,0.9844738930287471
1931,15,965.6,0.984481924081938
1932,15,966.1,0.9844899468312489
1933,15,966.6,0.9844979612895517
1934,15,967.1,0.984505967469692
1935,15,967.6,0.9845139653844889
1936,15,968.1,0.9845219550467347
1937,15,968.6,0.9845299364691957
1938,15,969.1,0.9845379096646117
1939,15,969.6,0.9845458746456963
1940,15,970.1,0.984553831425137
1941,15,970.6,0.9845617800155949
1942,15,971.1,0.9845697204297055
1943,15,971.6,0.9845776526800777
1944,15,972.1,0.9845855767792951
1945,15,972.6,0.9845934927399154
1946,15,973.1,0.9846014005744699
1947,15,973.6,0.9846093002954647
1948,15,974.1,0.9846171919153803
1949,15,974.6,0.9846250754466715
1950,15,975.1,0.9846329509017675
1951,15,975.6,0.984640818293072
1952,15,976.1,0.9846486776329636
1953,15,976.6,0.9846565289337953
1954,15,977.1,0.9846643722078949
1955,15,977.6,0.9846722074675651
1956,15,978.1,0.9846800347250834
1957,15,978.6,0.9846878539927023
1958,15,979.1,0.9846956652826492
1959,15,979.6,0.9847034686071265
1960,15,980.1,0.9847112639783121
1961,15,980.6,0.9847190514083587
1962,15,981.1,0.9847268309093944
1963,15,981.6,0.9847346024935225
1964,15,982.1,0.984742366172822
1965,15,982.6,0.9847501219593469
1966,15,983.1,0.984757869865127
1967,15,983.6,0.9847656099021678
1968,15,984.1,0.9847733420824498
1969,15,984.6,0.98478106641793
1970,15,985.1,0.9847887829205405
1971,15,985.6,0.9847964916021896
1972,15,986.1,0.9848041924747614
1973,15,986.6,0.9848118855501157
1974,15,987.1,0.9848195708400886
1975,15,987.6,0.9848272483564923
1976,15,988.1,0.9848349181111146
1977,15,988.6,0.9848425801157201
1978,15,989.1,0.9848502343820492
1979,15,989.6,0.984857880921819
1980,15,990.1,0.9848655197467224
1981,15,990.6,0.9848731508684294
1982,15,991.1,0.9848807742985859
1983,15,991.6,0.9848883900488146
1984,15,992.1,0.9848959981307146
1985,15,992.6,0.9849035985558621
1986,15,993.1,0.9849111913358095
1987,15,993.6,0.9849187764820863
1988,15,994.1,0.9849263540061987
1989,15,994.6,0.9849339239196296
1990,15,995.1,0.9849414862338394
1991,15,995.6,0.9849490409602649
1992,15,996.1,0.9849565881103204
1993,15,996.6,0.9849641276953969
1994,15,997.1,0.984971659726863
1995,15,997.6,0.9849791842160642
1996,15,998.1,0.9849867011743236
1997,15,998.6,0.9849942106129413
1998,15,999.1,0.9850017125431951
1999,15,999.6,0.9850092069763402
2000,15,1000.1,0.985016693923609
2001,15,1000.6,0.9850241733962121
2002,15,1001.1,0.9850316454053369
2003,15,1001.6,0.9850391099621494
2004,15,1002.1,0.9850465670777926
2005,15,1002.6,0.9850540167633877
2006,15,1003.1,0.9850614590300335
2007,15,1003.6,0.9850688938888069
2008,15,1004.1,0.9850763213507628
2009,15,1004.6,0.9850837414269339
2010,15,1005.1,0.985091154128331
2011,15,1005.6,0.9850985594659433
2012,15,1006.1,0.9851059574507378
2013,15,1006.6,0.98511334809366
2014,15,1007.1,0.9851207314056336
2015,15,1007.6,0.9851281073975605
2016,15,1008.1,0.9851354760803214
2017,15,1008.6,0.985142837464775
2018,15,1009.1,0.9851501915617588
2019,15,1009.6,0.9851575383820885
2020,15,1010.1,0.9851648779365588
2021,15,1010.6,0.985172210235943
2022,15,1011.1,0.9851795352909929
2023,15,1011.6,0.9851868531124391
2024,15,1012.1,0.9851941637109913
2025,15,1012.6,0.9852014670973378
2026,15,1013.1,0.9852087632821458
2027,15,1013.6,0.9852160522760616
2028,15,1014.1,0.9852233340897105
2029,15,1014.6,0.9852306087336969
2030,15,1015.1,0.9852378762186044
2031,15,1015.6,0.9852451365549955
2032,15,1016.1,0.985252389753412
2033,15,1016.6,0.9852596358243754
2034,15,1017.1,0.985266874778386
2035,15,1017.6,0.9852741066259239
2036,15,1018.1,0.9852813313774482
2037,15,1018.6,0.9852885490433979
2038,15,1019.1,0.9852957596341914
2039,15,1019.6,0.9853029631602265
2040,15,1020.1,0.9853101596318807
2041,15,1020.6,0.9853173490595116
2042,15,1021.1,0.985324531453456
2043,15,1021.6,0.9853317068240306
2044,15,1022.1,0.9853388751815322
2045,15,1022.6,0.9853460365362372
2046,15,1023.1,0.9853531908984019
2047,15,1023.6,0.9853603382782633
